{
  "project_info": {
    "project_number": "728254653133",
    "firebase_url": "https://ask-again-cf869-default-rtdb.firebaseio.com",
    "project_id": "ask-again-cf869",
    "storage_bucket": "ask-again-cf869.appspot.com"
  },
  "client": [
    {
      "client_info": {
        "mobilesdk_app_id": "1:728254653133:android:426166c400450387babf84",
        "android_client_info": {
          "package_name": "com.hemant.askagain"
        }
      },
      "oauth_client": [
        {
          "client_id": "728254653133-r31tg9u694ja4d566n8tqglbi82jhnaj.apps.googleusercontent.com",
          "client_type": 1,
          "android_info": {
            "package_name": "com.hemant.askagain",
            "certificate_hash": "ab888430906bcedf7f333d3920dec3daf9ffb720"
          }
        },
        {
          "client_id": "728254653133-rh8jl8btta9vpt744d6m909kf9rs6jbu.apps.googleusercontent.com",
          "client_type": 3
        }
      ],
      "api_key": [
        {
          "current_key": "AIzaSyCpXwUO2nQdXXIYMjomFe6Y_IvjpBR_-SM"
        }
      ],
      "services": {
        "appinvite_service": {
          "other_platform_oauth_client": [
            {
              "client_id": "728254653133-rh8jl8btta9vpt744d6m909kf9rs6jbu.apps.googleusercontent.com",
              "client_type": 3
            }
          ]
        }
      }
    }
  ],
  "configuration_version": "1"
}